{
  "band_size": 10000.0,
  "band_floor": 0.0,
  "passes": 1,
  "topn": 2,
  "train_ratio": 0.7,
  "min_trades": 5,
  "bands": [
    {
      "band_idx": 6,
      "band_low": 60000.0,
      "band_high": 70000.0,
      "short": {
        "optimized": true,
        "best": {
          "params": {
            "enable_long": false,
            "enable_short": true,
            "enable_regime_mode": true,
            "regime_band_size": 10000.0,
            "regime_band_floor": 0.0,
            "b6_short_sl_pct_floor": 0.0008,
            "b6_short_sl_wick_mult": 0.15,
            "b6_short_sl_pct_cap": 0.003,
            "b6_short_k0_vol_gate": 300.0,
            "b6_short_rr_wick_a": 4.5,
            "b6_short_rr_wick_b": 1.0,
            "b6_short_rr_wick_c": 2.0,
            "b6_short_min_fee_cover_ratio": 2.0
          },
          "train": {
            "trades": 69,
            "win_rate": 39.130434782608695,
            "total_net_pnl": 1628.680846994674,
            "total_fees": 6627.498925056648,
            "profit_factor": 1.130446098475355,
            "max_consec_loss": 7,
            "max_drawdown_pct": 22.81397403909168,
            "avg_win": 522.746327059885,
            "avg_loss": 297.27309484814805,
            "sl_count": 42,
            "tp_count": 0,
            "ts_count": 27,
            "td_count": 0,
            "long_trades": 0,
            "long_profit_factor": 0.0,
            "short_trades": 69,
            "short_profit_factor": 1.130446098475355,
            "score": 1618.3641262190044
          },
          "validation": {
            "trades": 30,
            "win_rate": 50.0,
            "total_net_pnl": 1628.4710499360208,
            "total_fees": 2982.58792160605,
            "profit_factor": 1.3468658322127645,
            "max_consec_loss": 5,
            "max_drawdown_pct": 13.514557243199333,
            "avg_win": 421.5524298284693,
            "avg_loss": 312.9876931660678,
            "sl_count": 15,
            "tp_count": 0,
            "ts_count": 15,
            "td_count": 0,
            "long_trades": 0,
            "long_profit_factor": 0.0,
            "short_trades": 30,
            "short_profit_factor": 1.3468658322127645,
            "score": 1627.9515333969714
          },
          "full": {
            "trades": 99,
            "win_rate": 42.42424242424242,
            "total_net_pnl": 3257.151896930695,
            "total_fees": 9610.086846662698,
            "profit_factor": 1.1895866002616795,
            "max_consec_loss": 7,
            "max_drawdown_pct": 22.81397403909168,
            "avg_win": 486.6056494772365,
            "avg_loss": 301.40851545812706,
            "sl_count": 57,
            "tp_count": 0,
            "ts_count": 42,
            "td_count": 0,
            "long_trades": 0,
            "long_profit_factor": 0.0,
            "short_trades": 99,
            "short_profit_factor": 1.1895866002616795,
            "score": 3248.9773336456774
          },
          "train_trades": 69,
          "validation_trades": 30,
          "full_trades": 99
        },
        "validation_table": [
          {
            "params": {
              "enable_long": false,
              "enable_short": true,
              "enable_regime_mode": true,
              "regime_band_size": 10000.0,
              "regime_band_floor": 0.0,
              "b6_short_sl_pct_floor": 0.0008,
              "b6_short_sl_wick_mult": 0.15,
              "b6_short_sl_pct_cap": 0.003,
              "b6_short_k0_vol_gate": 300.0,
              "b6_short_rr_wick_a": 4.5,
              "b6_short_rr_wick_b": 1.0,
              "b6_short_rr_wick_c": 2.0,
              "b6_short_min_fee_cover_ratio": 2.0
            },
            "train": {
              "trades": 69,
              "win_rate": 39.130434782608695,
              "total_net_pnl": 1628.680846994674,
              "total_fees": 6627.498925056648,
              "profit_factor": 1.130446098475355,
              "max_consec_loss": 7,
              "max_drawdown_pct": 22.81397403909168,
              "avg_win": 522.746327059885,
              "avg_loss": 297.27309484814805,
              "sl_count": 42,
              "tp_count": 0,
              "ts_count": 27,
              "td_count": 0,
              "long_trades": 0,
              "long_profit_factor": 0.0,
              "short_trades": 69,
              "short_profit_factor": 1.130446098475355,
              "score": 1618.3641262190044
            },
            "validation": {
              "trades": 30,
              "win_rate": 50.0,
              "total_net_pnl": 1628.4710499360208,
              "total_fees": 2982.58792160605,
              "profit_factor": 1.3468658322127645,
              "max_consec_loss": 5,
              "max_drawdown_pct": 13.514557243199333,
              "avg_win": 421.5524298284693,
              "avg_loss": 312.9876931660678,
              "sl_count": 15,
              "tp_count": 0,
              "ts_count": 15,
              "td_count": 0,
              "long_trades": 0,
              "long_profit_factor": 0.0,
              "short_trades": 30,
              "short_profit_factor": 1.3468658322127645,
              "score": 1627.9515333969714
            },
            "full": {
              "trades": 99,
              "win_rate": 42.42424242424242,
              "total_net_pnl": 3257.151896930695,
              "total_fees": 9610.086846662698,
              "profit_factor": 1.1895866002616795,
              "max_consec_loss": 7,
              "max_drawdown_pct": 22.81397403909168,
              "avg_win": 486.6056494772365,
              "avg_loss": 301.40851545812706,
              "sl_count": 57,
              "tp_count": 0,
              "ts_count": 42,
              "td_count": 0,
              "long_trades": 0,
              "long_profit_factor": 0.0,
              "short_trades": 99,
              "short_profit_factor": 1.1895866002616795,
              "score": 3248.9773336456774
            },
            "train_trades": 69,
            "validation_trades": 30,
            "full_trades": 99
          },
          {
            "params": {
              "enable_long": false,
              "enable_short": true,
              "enable_regime_mode": true,
              "regime_band_size": 10000.0,
              "regime_band_floor": 0.0,
              "b6_short_sl_pct_floor": 0.0008,
              "b6_short_sl_wick_mult": 0.15,
              "b6_short_sl_pct_cap": 0.003,
              "b6_short_k0_vol_gate": 800.0,
              "b6_short_rr_wick_a": 4.5,
              "b6_short_rr_wick_b": 1.0,
              "b6_short_rr_wick_c": 2.0,
              "b6_short_min_fee_cover_ratio": 2.0
            },
            "train": {
              "trades": 12,
              "win_rate": 41.66666666666667,
              "total_net_pnl": 1498.8225084332666,
              "total_fees": 785.7168583593937,
              "profit_factor": 1.8126248893530728,
              "max_consec_loss": 4,
              "max_drawdown_pct": 10.464254271509306,
              "avg_win": 668.6487256553465,
              "avg_loss": 263.4887314062094,
              "sl_count": 7,
              "tp_count": 0,
              "ts_count": 5,
              "td_count": 0,
              "long_trades": 0,
              "long_profit_factor": 0.0,
              "short_trades": 12,
              "short_profit_factor": 1.8126248893530728,
              "score": 1507.4919275972636
            },
            "validation": {
              "trades": 6,
              "win_rate": 50.0,
              "total_net_pnl": 938.1538904682318,
              "total_fees": 417.92732087463264,
              "profit_factor": 2.1168355172424156,
              "max_consec_loss": 2,
              "max_drawdown_pct": 4.8814937311308375,
              "avg_win": 592.721561746694,
              "avg_loss": 280.0035982572834,
              "sl_count": 3,
              "tp_count": 0,
              "ts_count": 3,