{
  "band_size": 10000.0,
  "band_floor": 0.0,
  "passes": 0,
  "topn": 1,
  "train_ratio": 0.7,
  "min_trades": 999,
  "bands": [
    {
      "band_idx": 6,
      "band_low": 60000.0,
      "band_high": 70000.0,
      "long": {
        "optimized": false,
        "best": {
          "params": {
            "enable_long": true,
            "enable_short": false,
            "enable_regime_mode": true,
            "regime_band_size": 10000.0,
            "regime_band_floor": 0.0,
            "b6_long_sl_pct_floor": 0.001,
            "b6_long_sl_wick_mult": 0.2,
            "b6_long_sl_pct_cap": 0.003,
            "b6_long_k0_vol_gate": 1200.0,
            "b6_long_rr_wick_a": 2.5,
            "b6_long_rr_wick_b": 2.5,
            "b6_long_rr_wick_c": 2.0,
            "b6_long_min_fee_cover_ratio": 1.2
          },
          "train": {
            "trades": 27,
            "win_rate": 37.03703703703704,
            "total_net_pnl": -549.3257719501833,
            "total_fees": 1195.3327476366915,
            "profit_factor": 0.8672356763146154,
            "max_consec_loss": 4,
            "max_drawdown_pct": 14.040207266973528,
            "avg_win": 358.8275028487264,
            "avg_loss": 243.3882823786734,
            "sl_count": 17,
            "tp_count": 1,
            "ts_count": 9,
            "td_count": 0,
            "long_trades": 27,
            "long_profit_factor": 0.8672356763146154,
            "short_trades": 0,
            "short_profit_factor": 0.0,
            "score": -559.9694940945742
          },
          "validation": {
            "trades": 12,
            "win_rate": 41.66666666666667,
            "total_net_pnl": -140.13527785916608,
            "total_fees": 747.3015364478323,
            "profit_factor": 0.9239252059623349,
            "max_consec_loss": 3,
            "max_drawdown_pct": 7.792464504483694,
            "avg_win": 340.3874229209622,
            "avg_loss": 263.1531989234253,
            "sl_count": 7,
            "tp_count": 0,
            "ts_count": 5,
            "td_count": 0,
            "long_trades": 12,
            "long_profit_factor": 0.9239252059623349,
            "short_trades": 0,
            "short_profit_factor": 0.0,
            "score": -145.05784220587935
          },
          "full": {
            "trades": 39,
            "win_rate": 38.46153846153847,
            "total_net_pnl": -689.4610498093493,
            "total_fees": 1942.6342840845234,
            "profit_factor": 0.8846992088751903,
            "max_consec_loss": 4,
            "max_drawdown_pct": 17.785120418795938,
            "avg_win": 352.6808095394716,
            "avg_loss": 249.15304970422608,
            "sl_count": 24,
            "tp_count": 1,
            "ts_count": 14,
            "td_count": 0,
            "long_trades": 39,
            "long_profit_factor": 0.8846992088751903,
            "short_trades": 0,
            "short_profit_factor": 0.0,
            "score": -702.11538011882
          },
          "train_trades": 27,
          "validation_trades": 12,
          "full_trades": 39
        }
      },
      "short": {
        "optimized": false,
        "best": {
          "params": {
            "enable_long": false,
            "enable_short": true,
            "enable_regime_mode": true,
            "regime_band_size": 10000.0,
            "regime_band_floor": 0.0,
            "b6_short_sl_pct_floor": 0.0008,
            "b6_short_sl_wick_mult": 0.15,
            "b6_short_sl_pct_cap": 0.003,
            "b6_short_k0_vol_gate": 300.0,
            "b6_short_rr_wick_a": 4.5,
            "b6_short_rr_wick_b": 2.5,
            "b6_short_rr_wick_c": 2.0,
            "b6_short_min_fee_cover_ratio": 2.0
          },
          "train": {
            "trades": 70,
            "win_rate": 32.857142857142854,
            "total_net_pnl": 1301.125164216848,
            "total_fees": 6779.093424622351,
            "profit_factor": 1.0924166590481614,
            "max_consec_loss": 7,
            "max_drawdown_pct": 23.62239338933276,
            "avg_win": 668.6968700686486,
            "avg_loss": 299.55112441195894,
            "sl_count": 47,
            "tp_count": 0,
            "ts_count": 23,
            "td_count": 0,
            "long_trades": 0,
            "long_profit_factor": 0.0,
            "short_trades": 70,
            "short_profit_factor": 1.0924166590481614,
            "score": 1289.0999386007438
          },
          "validation": {
            "trades": 30,
            "win_rate": 40.0,
            "total_net_pnl": 1752.696020926794,
            "total_fees": 2963.9464580601602,
            "profit_factor": 1.3139587137982711,
            "max_consec_loss": 5,
            "max_drawdown_pct": 13.657557258478507,
            "avg_win": 611.2720420770706,
            "avg_loss": 310.14269355544747,
            "sl_count": 18,
            "tp_count": 0,
            "ts_count": 12,
            "td_count": 0,
            "long_trades": 0,
            "long_profit_factor": 0.0,
            "short_trades": 30,
            "short_profit_factor": 1.3139587137982711,
            "score": 1750.8554762425324
          },
          "full": {
            "trades": 100,
            "win_rate": 35.0,
            "total_net_pnl": 3053.8211851436417,
            "total_fees": 9743.039882682511,
            "profit_factor": 1.1553200741529852,
            "max_consec_loss": 7,
            "max_drawdown_pct": 23.62239338933276,
            "avg_win": 649.0083576143934,
            "avg_loss": 302.48417432861726,
            "sl_count": 65,
            "tp_count": 0,
            "ts_count": 35,
            "td_count": 0,
            "long_trades": 0,
            "long_profit_factor": 0.0,
            "short_trades": 100,
            "short_profit_factor": 1.1553200741529852,
            "score": 3043.856792427996
          },
          "train_trades": 70,
          "validation_trades": 30,
          "full_trades": 100
        }
      }
    }
  ],
  "combined_params": {
    "enable_regime_mode": true,
    "regime_band_floor": 0.0,
    "regime_band_size": 10000.0,
    "enable_long": false,
    "enable_short": true,
    "b6_long_sl_pct_floor": 0.001,
    "b6_long_sl_wick_mult": 0.2,
    "b6_long_sl_pct_cap": 0.003,
    "b6_long_k0_vol_gate": 1200.0,
    "b6_long_rr_wick_a": 2.5,
    "b6_long_rr_wick_b": 2.5,
    "b6_long_rr_wick_c": 2.0,
    "b6_long_min_fee_cover_ratio": 1.2,
    "b6_short_sl_pct_floor": 0.0008,
    "b6_short_sl_wick_mult": 0.15,
    "b6_short_sl_pct_cap": 0.003,
    "b6_short_k0_vol_gate": 300.0,
    "b6_short_rr_wick_a": 4.5,
    "b6_short_rr_wick_b": 2.5,
    "b6_short_rr_wick_c": 2.0,
    "b6_short_min_fee_cover_ratio": 2.0
  }
}